case_id,formula,material_type,condition,pressure_GPa,space_group,prototype,a,b,c,structure_completeness,target_confidence,mismatch_flags,recommended_next_step,lambda_ref
lam001,"KC32 (K-doped 4x4 graphene, 6.25 at.%)",2d-layered,"Grokene (K-doped graphene 4x4), Allen-Dynes mean-field",0.0,"P-6m2 (reported P6/m2, reduced from P6/mmm by buckling)",doped 4x4 graphene superlattice (interstitial alkali); hexagonal,9.84,8.52,,lattice+proto,high,atomic_positions_manual_required,Recover or reconstruct full 4x4 fractional coordinates from paper figures/supplement before SCF build.,3.8
lam002,Li0.2P0.8,2d-layered,Li0.2P0.8 (A-X-B intercalated blue-P bilayer),0.0,,intercalated blue-phosphorus bilayer (A-X-B registry); 2D hexagonal,3.356,3.356,,lattice+proto,high,atomic_positions_manual_required,Use A-X-B bilayer geometry and supplement/figure data to place metal and P fractional coordinates.,1.2
lam003,Mg0.2P0.8,2d-layered,Mg0.2P0.8 (A-X-B intercalated blue-P bilayer),0.0,,intercalated blue-phosphorus bilayer (A-X-B registry); 2D hexagonal,3.327,3.327,,lattice+proto,high,atomic_positions_manual_required,Use A-X-B bilayer geometry and supplement/figure data to place metal and P fractional coordinates.,0.8
lam004,Na0.2P0.8,2d-layered,Na0.2P0.8 (A-X-B intercalated blue-P bilayer),0.0,,intercalated blue-phosphorus bilayer (A-X-B registry); 2D hexagonal,3.398,3.398,,lattice+proto,high,atomic_positions_manual_required,Use A-X-B bilayer geometry and supplement/figure data to place metal and P fractional coordinates.,1.1
lam005,Pb (monolayer on Si(111)),2d-layered,(single),,,"striped-incommensurate (SIC) Pb monolayer on Si(111); slab model (1 Pb layer + 3 Si bilayers, 22 A vacuum)",,,,none,medium,LKM_has_lambda_no_structure;atomic_positions_manual_required,Fetch original structure figure/supplement or author-provided slab coordinates; do not substitute a free Pb monolayer.,0.72
lam006,2H-NbS2,2d-layered,(single),0.0,P6_3/mmc (194),2H layered transition-metal dichalcogenide,,,,prototype only from source; lattice and fractional coordinates absent from LKM markdown,medium,LKM_has_lambda_no_structure;repo_current_structure_space_group_mismatch:R3m_vs_P6_3/mmc;atomic_positions_manual_required,Replace current NbS2 OpenLAM R3m candidate with a source-validated 2H P6_3/mmc cell.,0.554
lam007,Mg2B4C2,2d-layered,(single),0.0,p-3m1 (layer group),"2D MgB2-derived monolayer (Mg-B interior, B-C passivated surfaces); hexagonal",2.87,2.87,,lattice+proto,high,atomic_positions_manual_required,Use the reported layer group/lattice and recover fractional coordinates from supplement or reconstruct from the reported geometry.,1.4
lam008,CaTiS2,2d-layered,CaTiS2 (Ca-deposited monolayer),0.0,not reported; parent 1T-TiS2 P-3m1 (164 (parent)),"Ca-deposited monolayer 1T-TiS2, CABC stacking",3.58,3.58,vacuum 12 A used for monolayer calculations; deposited-cell c not tabulated,partial: a and CABC stacking reported; full Ca/Ti/S fractional coordinates absent from LKM markdown,high,repo_current_structure_not_source_verified;atomic_positions_manual_required,Build the CABC deposited monolayer explicitly; treat current OpenLAM CaTiS2 as a formula candidate only.,1.78
lam009,MoS2 monolayer + electron background,2d-layered,"electron-doped monolayer MoS2, x=0.18 electrons/f.u.",0.0,P-6m2 (monolayer proxy) (187),electron-doped single-layer trigonal-prismatic MoS2,3.122,3.122,vacuum >=14.5 A,partial: lattice and monolayer prototype given; Mo-S distance relaxed by doping but not tabulated in LKM markdown,medium,repo_current_structure_space_group_mismatch:P6_3/mmc_bulk_vs_monolayer;atomic_positions_manual_required,Replace current bulk 2H MoS2 structure with a doped monolayer slab and relax Mo-S distance for x=0.18.,1.7
lam010,TiB4,2d-layered,TiB4 bilayer +11% biaxial tensile strain,0.0,P4/nmm (129),"TiB4 bilayer TBBL, P4/nmm, +11% biaxial tensile strain",4.523,4.523,vacuum 20 A; unstrained bilayer a=4.075 A,"partial: bilayer symmetry, Ti displacement, and interlayer B-B distance reported; strained fractional coordinates absent",high,repo_current_structure_space_group_mismatch:Immm_vs_P4/nmm;atomic_positions_manual_required,Construct P4/nmm TBBL from source geometry and apply 11% biaxial strain before DFPT.,0.65
lam011,TiB4,2d-layered,TiB4 monolayer (freestanding),0.0,P4/mmm (123),"freestanding TiB4 monolayer TBML, planar Ti@B8 wheel network",4.106,4.106,vacuum 20 A,partial: monolayer symmetry and bonds reported; full fractional coordinates absent from LKM markdown,high,repo_current_structure_space_group_mismatch:Immm_vs_P4/mmm;atomic_positions_manual_required,Replace current TiB4 OpenLAM Immm candidate with a P4/mmm monolayer source build.,0.65
lam012,CaB6,2d-layered,hexagonal CaB6,0.0,P6/mmm (191),hexagonal 2D CaB6 monolayer,3.43,3.43,not tabulated; 2D slab vacuum required,"partial: Table I gives lattice and thickness d; full fractional coordinates are in supplement, not in LKM markdown",high,repo_current_structure_space_group_mismatch:Pm-3m_cubic_vs_P6/mmm_2D;atomic_positions_manual_required,Discard cubic OpenLAM MB6 cells; use the 2D hexagonal P6/mmm target and source/supplement coordinates.,0.87
lam013,MgB6,2d-layered,hexagonal MgB6,0.0,P6/mmm (191),hexagonal 2D MgB6 monolayer,3.41,3.41,not tabulated; 2D slab vacuum required,"partial: Table I gives lattice and thickness d; full fractional coordinates are in supplement, not in LKM markdown",high,repo_current_structure_space_group_mismatch:Pm-3m_cubic_vs_P6/mmm_2D;atomic_positions_manual_required,Discard cubic OpenLAM MB6 cells; use the 2D hexagonal P6/mmm target and source/supplement coordinates.,0.46
lam014,ScB6,2d-layered,hexagonal ScB6,0.0,P6/mmm (191),hexagonal 2D ScB6 monolayer,3.41,3.41,not tabulated; 2D slab vacuum required,"partial: Table I gives lattice and thickness d; full fractional coordinates are in supplement, not in LKM markdown",high,repo_current_structure_space_group_mismatch:Pm-3m_cubic_vs_P6/mmm_2D;atomic_positions_manual_required,Discard cubic OpenLAM MB6 cells; use the 2D hexagonal P6/mmm target and source/supplement coordinates.,0.6
lam015,TiB6,2d-layered,hexagonal TiB6,0.0,P6/mmm (191),hexagonal 2D TiB6 monolayer,3.41,3.41,not tabulated; 2D slab vacuum required,"partial: Table I gives lattice and thickness d; full fractional coordinates are in supplement, not in LKM markdown",high,repo_current_structure_space_group_mismatch:Pm-3m_cubic_vs_P6/mmm_2D;atomic_positions_manual_required,Discard cubic OpenLAM MB6 cells; use the 2D hexagonal P6/mmm target and source/supplement coordinates.,0.4
lam016,CaB6,2d-layered,type-I orthorhombic CaB6,0,Pmmm,"type-I orthorhombic MB6 monolayer (delta4 borophene-derived, eta=1/4)",,,,proto-only,high,atomic_positions_manual_required,Use the orthorhombic Pmmm target and retrieve supplement coordinates before building SCF input.,0.57
lam017,MgB6,2d-layered,type-I orthorhombic MgB6,0,Pmmm,"type-I orthorhombic MB6 monolayer (delta4 borophene-derived, eta=1/4)",3.46,2.9,,lattice+proto,high,atomic_positions_manual_required,Use the orthorhombic Pmmm target and retrieve supplement coordinates before building SCF input.,0.59
lam018,TiB6,2d-layered,type-II orthorhombic (2x1) TiB6,0,Pmmm,type-II orthorhombic (2x1) MB6 monolayer (CDW-stabilized supercell),6.76,2.95,,lattice+proto,high,atomic_positions_manual_required,Use the orthorhombic Pmmm target and retrieve supplement coordinates before building SCF input.,0.92
lam019,YB6,2d-layered,type-III orthorhombic (2x1) YB6,0,Pmmm,type-III orthorhombic (2x1) MB6 monolayer (CDW-stabilized supercell),,,,proto-only,high,atomic_positions_manual_required,Use the orthorhombic Pmmm target and retrieve supplement coordinates before building SCF input.,1
lam020,CeH10,2d-layered,"CeH10 (Fm-3m) 94 GPa, mu*=0.10",94,,,,,,none,low,condition_material_mismatch;same_paper_condition_suspect_wrong_family;LKM_has_lambda_no_structure;material_type_should_be_hydride_or_paper_id_wrong,Find the correct CeH10 high-pressure hydride source/paper_id before any benchmark structure is built.,1.952
lam021,CeH9,2d-layered,"CeH9 (F-43m) 94 GPa, mu*=0.10",94,,,,,,none,low,condition_material_mismatch;same_paper_condition_suspect_wrong_family;LKM_has_lambda_no_structure;material_type_should_be_hydride_or_paper_id_wrong,Reassign to the correct CeH9 high-pressure hydride paper; do not use this 2D borophene paper.,1.596
lam022,HPC3,2d-layered,"HPC3, 1% biaxial strain",,,"2D hydrogenated phosphorus carbide (hexagonal, H1P2C6); 2P+6C+2H per cell",5.46208,5.46208,,lattice+proto,high,atomic_positions_manual_required,Apply the requested biaxial strain to the reported hexagonal cell and recover fractional coordinates from supplement/figure.,1.05
lam023,HPC3,2d-layered,"HPC3, 2% biaxial strain",,,"2D hydrogenated phosphorus carbide (hexagonal, H1P2C6); 2P+6C+2H per cell",5.51616,5.51616,,lattice+proto,high,atomic_positions_manual_required,Apply the requested biaxial strain to the reported hexagonal cell and recover fractional coordinates from supplement/figure.,1.24
lam024,HPC3,2d-layered,"HPC3, 3% biaxial strain (f1f2 corrected)",,,"2D hydrogenated phosphorus carbide (hexagonal, H1P2C6); 2P+6C+2H per cell",5.57024,5.57024,,lattice+proto,high,atomic_positions_manual_required,Apply the requested biaxial strain to the reported hexagonal cell and recover fractional coordinates from supplement/figure.,1.65
lam025,HPC3,2d-layered,"HPC3, unstrained",,,"2D hydrogenated phosphorus carbide (hexagonal, H1P2C6); 2P+6C+2H per cell; P-H=1.445A, P-C=1.765A, C-C=1.428A, H-H vertical h=3.874A",5.408,5.408,,lattice+proto,high,atomic_positions_manual_required,Apply the requested biaxial strain to the reported hexagonal cell and recover fractional coordinates from supplement/figure.,0.95
lam026,ISnH8,2d-layered,I-4m2 SnH8 250 GPa (mu*=0.10),250,,,,,,none,low,condition_material_mismatch;same_paper_condition_suspect_wrong_family;LKM_has_lambda_no_structure;material_type_should_be_hydride_or_paper_id_wrong,Find the correct SnH8 high-pressure hydride paper/source and move this case out of 2d-layered if needed.,1.139
lam027,CaSn6,2d-layered,CaSn6 (Ca-decorated stanene),0.0,,Ca-decorated stanene; one adatom per Sn6 cell,4.64,4.64,adatom height 2.24 A above stanene plane; slab vacuum not tabulated,"partial: stanene lattice, buckling, Sn-Sn bond, and adatom height reported; full fractional coordinates absent",high,repo_current_structure_not_source_verified;atomic_positions_manual_required,Build decorated stanene directly; treat current formula-matched OpenLAM cells as candidates only.,0.54
lam028,LiSn6,2d-layered,LiSn6 (Li-decorated stanene),0.0,,Li-decorated stanene; one adatom per Sn6 cell,4.64,4.64,adatom height 1.75 A above stanene plane; slab vacuum not tabulated,"partial: stanene lattice, buckling, Sn-Sn bond, and adatom height reported; full fractional coordinates absent",high,repo_current_structure_not_source_verified;atomic_positions_manual_required,Build decorated stanene directly; treat current formula-matched OpenLAM cells as candidates only.,0.65
lam029,Mg2B4C2,2d-layered,(single),,P-3m1 (layer group p-3m1),2D MgB2-like monolayer (inner B-B layer + outer B-C layers + Mg); charge-neutral inversion-symmetric,2.87,2.87,,lattice+proto,high,atomic_positions_manual_required,Use the reported layer group/lattice and recover fractional coordinates from supplement or reconstruct from the reported geometry.,1.4
lam030,Mo2CHXe,2d-layered,Mo2C bare 2H MXene,,,"2H MXene Mo2C monolayer, hexagonal cell with A-A Mo stacking (bare)",2.82,2.82,,lattice+proto,high,atomic_positions_manual_required,Use 2H Mo2C lattice and recover 2H coordinates from source/supplement rather than formula candidates.,0.556
lam031,Mo2C(OH)2,2d-layered,"Mo2C(OH)2 (OH-terminated 2H, unstable)",0.0,,"2H Mo2C MXene, OH-terminated model III; dynamically unstable in source",2.89,2.89,interlayer vacuum at least 10 A,partial: most stable OH model and lattice reported; full coordinates absent; source says structure is unstable,medium,target_structurally_unstable;repo_current_structure_space_group_mismatch:Pnnm_formula_candidate_vs_2H_OH_MXene;atomic_positions_manual_required,Keep as an unstable-reference case only; do not replace it with bare Mo2C or a Pnnm formula candidate.,1.93
lam032,Mo2CH2,2d-layered,"Mo2CH2 (H-terminated 2H, 1% strain)",,,"2H MXene Mo2C monolayer (H-terminated, hollow sites, 1% in-plane tensile strain); in-plane a from bare 2H Mo2C = 2.82 A (terminated lattice constant not separately reported)",,,,proto-only,high,atomic_positions_manual_required,Build 2H H-terminated model I and apply 1% strain; recover H positions from supplement/figure.,0.732
lam033,Mo2CO2,2d-layered,Mo2CO2 (O-terminated 2H),,,"2H MXene Mo2C monolayer (O-terminated, O above topmost C sites); in-plane a from bare 2H Mo2C = 2.82 A (terminated lattice constant not separately reported)",,,,proto-only,high,atomic_positions_manual_required,Build 2H O-terminated model II and recover O/Mo/C fractional positions from source/supplement.,0.231
lam034,Ti2C,2d-layered,Ti2C monolayer,0.0,,Ti2C monolayer MXene preliminary EPC case,,,,"missing in source: EPC convergence table exists, but structural model is not specified beyond preliminary Ti2C mention",medium,LKM_has_lambda_no_structure;repo_current_structure_not_source_verified:OpenLAM_P-1_candidate;manual_required,Locate the Ti2C structural source or supplementary coordinates; treat current Ti2C.scf.in as a candidate only.,0.402
lam035,B2C,2d-layered,"B2C monolayer, mu*=0.10",0.0,,metastable rectangular B2C single-layer target from source,2.552,3.392,vacuum about 20 A,"partial: lattice, bonds, and corrugation reported; full fractional coordinates absent from LKM markdown",high,repo_current_structure_space_group_mismatch:P-3m1_formula_candidate_vs_rectangular_target;atomic_positions_manual_required,Build the rectangular source structure; do not use the hexagonal-looking OpenLAM B2C candidate as ground truth.,0.92
lam036,C2CaC2,2d-layered,"C2CaC2 AA-stacking, -2% biaxial strain",,P6/mmm,"Ca-intercalated AA-stacking bilayer graphene; pristine (unstrained) a0=2.605 A, interlayer separation 5.096 A. Case is -2% biaxial strain: a = 0.98*2.605 = 2.553 A (computed from pristine; strained lattice not separately tabulated)",2.553,2.553,5.096,lattice+proto,high,atomic_positions_manual_required,Use the P6/mmm AA cell and apply the listed biaxial strain; recover exact fractional coordinates from supplement/figure if needed.,0.86
lam037,C2CaC2,2d-layered,"C2CaC2 AA-stacking, -4% biaxial strain",,P6/mmm,"Ca-intercalated AA-stacking bilayer graphene; pristine (unstrained) a0=2.605 A, interlayer separation 5.096 A. Case is -4% biaxial strain: a = 0.96*2.605 = 2.501 A (computed from pristine; strained lattice not separately tabulated)",2.501,2.501,5.096,lattice+proto,high,atomic_positions_manual_required,Use the P6/mmm AA cell and apply the listed biaxial strain; recover exact fractional coordinates from supplement/figure if needed.,1.11
lam038,C2CaC2,2d-layered,"C2CaC2 AA-stacking, unstrained",,P6/mmm,"Ca-intercalated AA-stacking bilayer graphene (unstrained). a=2.605 A, interlayer graphene separation 5.096 A (used as c), C-C bond 1.501 A, nearest Ca-Ca 2.601 A",2.605,2.605,5.096,lattice+proto,high,atomic_positions_manual_required,Use the P6/mmm AA cell and apply the listed biaxial strain; recover exact fractional coordinates from supplement/figure if needed.,0.75
lam039,Mg2Ir3Si,heavy-soc,Mg2Ir3Si with SOC,0,P6_3/mmc,Mg2Cu3Si-type (hexagonal; Ir Kagome network),,,,proto-only,high,repo_no_current_structure,build QE structure from paper Wyckoff/lattice; preserve SOC/no-SOC as calculation setting,0.93
lam040,Mg2Ir3Si,heavy-soc,Mg2Ir3Si without SOC,0,P6_3/mmc,Mg2Cu3Si-type (hexagonal; Ir Kagome network),,,,proto-only,high,repo_no_current_structure,build QE structure from paper Wyckoff/lattice; preserve SOC/no-SOC as calculation setting,1.05
lam041,ScRuSi,heavy-soc,ScRuSi,0.0,Pnma (62),TiNiSi-type orthorhombic,6.7007,4.1241,7.1064,"full 4c positions from paper: Sc/Ru/Si at (x,1/4,z) with x=0.00236/0.15788/0.29714 and z=0.68455/0.06209/0.38694",high,condition_material_inconsistent;repo_current_structure_space_group_mismatch;repo_current_formula_mismatch,replace lam041 structure with ScRuSi Pnma target; do not reuse RuSi.scf.in,0.54
lam043,BaPt4Ge12,heavy-soc,BaPt4Ge12 with SOI,0,Im-3,filled skutterudite (LaFe4P12-type; bcc),,,,proto-only,high,repo_no_current_structure,build conventional/primitive Im-3 skutterudite cell from paper lattice and Wyckoff data,0.74
lam044,SrPt4Ge12,heavy-soc,SrPt4Ge12 with SOI,0,Im-3,filled skutterudite (LaFe4P12-type; bcc),,,,proto-only,high,repo_no_current_structure,build conventional/primitive Im-3 skutterudite cell from paper lattice and Wyckoff data,0.79
lam045,ThPt4Ge12,heavy-soc,ThPt4Ge12 with SOI,0,Im-3,filled skutterudite (LaFe4P12-type; bcc),,,,proto-only,high,repo_no_current_structure,build conventional/primitive Im-3 skutterudite cell from paper lattice and Wyckoff data,0.69
lam046,LaOs4As12,heavy-soc,LaOs4As12,0,Im-3,"filled skutterudite (LaFe4P12-type; bcc, 17-atom cell)",8.706,8.706,8.706,full,high,repo_no_current_structure,build missing skutterudite targets from paper table; for lam047 verify repo primitive cell symmetry tolerance,0.59
lam048,YOs4P12,heavy-soc,YOs4P12,0,Im-3,"filled skutterudite (LaFe4P12-type; bcc, 17-atom cell)",8.136,8.136,8.136,full,high,repo_no_current_structure,build missing skutterudite targets from paper table; for lam047 verify repo primitive cell symmetry tolerance,0.55
lam049,YRu4P12,heavy-soc,YRu4P12,0,Im-3,"filled skutterudite (LaFe4P12-type; bcc, 17-atom cell)",8.085,8.085,8.085,full,high,repo_no_current_structure,build missing skutterudite targets from paper table; for lam047 verify repo primitive cell symmetry tolerance,0.78
lam050,CaIr2,heavy-soc,"CaIr2, with SOC",0.0,Fd-3m (227),cubic C15 Laves AB2,7.595,7.595,7.595,"full primitive basis from paper: A at (0,0,0),(1/4,1/4,1/4); B at (5/8,5/8,5/8),(5/8,7/8,7/8),(7/8,5/8,7/8),(7/8,7/8,5/8)",high,repo_current_structure_space_group_mismatch;repo_current_structure_wrong_C15_polytype,replace repo CaIr2 P6_3/mmc candidate with Fd-3m C15 Laves target,1.05
lam051,CaIr2,heavy-soc,"CaIr2, without SOC",0.0,Fd-3m (227),cubic C15 Laves AB2,7.594,7.594,7.594,"full primitive basis from paper: A at (0,0,0),(1/4,1/4,1/4); B at (5/8,5/8,5/8),(5/8,7/8,7/8),(7/8,5/8,7/8),(7/8,7/8,5/8)",high,repo_current_structure_space_group_mismatch;repo_current_structure_wrong_C15_polytype,replace repo CaIr2 P6_3/mmc candidate with Fd-3m C15 Laves target,1.43
lam054,LaIr2Si2,heavy-soc,LaIr2Si2 (HTP P4/nmm),0,P4/nmm,"122-type high-temperature polymorph (CaBe2Ge2-type, tetragonal)",4.214,4.214,10.009,lattice+proto,high,repo_no_current_structure,build P4/nmm CaBe2Ge2 HTP structure directly from paper positions,0.56
lam055,YIr2Si2,heavy-soc,YIr2Si2 (HTP P4/nmm),0,P4/nmm,"122-type high-temperature polymorph (CaBe2Ge2-type, tetragonal)",4.132,4.132,9.858,lattice+proto,high,repo_no_current_structure,build P4/nmm CaBe2Ge2 HTP structure directly from paper positions,0.61
lam057,LaPtBN,heavy-soc,LaPtBN,0,,n=2 layered boronitride (LaPtBN; alternating Pt-B and La-N layers),,,,proto-only,high,repo_no_current_structure,build missing LaPtBN P4/nmm structure from paper lattice and z coordinates,0.56
lam058,SrPt3P,heavy-soc,"SrPt3P, mu*=0.10",0,P4/nmm,"antiperovskite SrPt3P (tetragonal, antipolar; Pt6 octahedra)",,,,proto-only,low,LKM_has_lambda_but_no_structure;repo_no_current_structure,manual_required: fetch crystallographic source from original paper/supporting data or validated database candidate,1.06
lam060,LaPt2B2C,heavy-soc,LaPt2B2C,0,I4/mmm,LuNi2B2C-type (RM2B2C borocarbide),3.904,3.904,10.773,lattice+proto,high,repo_no_current_structure,build missing I4/mmm structure from table,0.78
lam062,YPd2B2C,heavy-soc,YPd2B2C,0,I4/mmm,LuNi2B2C-type (RM2B2C borocarbide),3.807,3.807,10.745,lattice+proto,high,repo_no_current_structure,build missing I4/mmm structure from table,1.48
lam063,YPt2B2C,heavy-soc,YPt2B2C,0,I4/mmm,LuNi2B2C-type (RM2B2C borocarbide),3.809,3.809,10.818,lattice+proto,high,repo_no_current_structure,build missing I4/mmm structure from table,0.96
lam064,Ca3Ir4Ge4,heavy-soc,(single),0,noncentrosymmetric body-centred cubic (Ca3Ir4Ge4-type),Ca3Ir4Ge4-type (noncentrosymmetric body-centred cubic),7.651,7.651,7.651,lattice+proto,high,repo_no_current_structure,build I-43m target from paper; decide whether benchmark run must include SOC separately from literature lambda,0.51
lam065,SrPtAs,heavy-soc,(single),0,P6/mmm,hexagonal honeycomb pnictide (KZnAs-related),4.307,4.307,9.063,lattice+proto,high,repo_no_current_structure,build P6/mmm target from paper Wyckoff/lattice,0.78
lam066,Bi4I4,heavy-soc,"epsilon-Bi4I4 (P31c), 15 GPa",15,P31c,epsilon-Bi4I4 ([Bi4I3] chains + isolated I),,,,proto-only,medium,structure_table_pressure_10GPa_differs_from_condition_15GPa;repo_no_current_structure,manual_required: relax or obtain epsilon Bi4I4 at 15 GPa before DFPT target run,0.67
lam067,Bi4I4,heavy-soc,"zeta-Bi4I4 (P4/mmm), 18 GPa",18,P4/mmm,"zeta-Bi4I4 (quasi-3D, alternating X/Y units)",,,,proto-only,medium,structure_table_pressure_30GPa_differs_from_condition_18GPa;repo_no_current_structure,manual_required: relax or obtain zeta Bi4I4 at 18 GPa before DFPT target run,0.72
lam068,OsN2 / Os0.75Re0.25N2 virtual hole-doped target,heavy-soc,OsN2 0.5 holes/cell doped (Os0.75Re0.25N2),0.0,Pnnm (58),marcasite-like hole-doped dinitride,,,,prototype/Wyckoff only in markdown: Os 2a and N 4g; no lattice constants or fractional N coordinate found in LKM markdown,low,LKM_has_lambda_but_no_structure;repo_current_structure_space_group_mismatch;doping_not_encoded_in_repo_structure,manual_required: obtain Ref.16 Pnnm structure and define doping model/supercell or virtual-charge treatment,0.49
lam069,LaO0.5F0.5BiS2,heavy-soc,(single),0,"tetragonal layered BiS2 (P4/nmm-type, not explicitly named in node)",layered BiS2 (CeOBiS2-type / ZrCuSiAs-related),,,,proto-only,high,repo_no_current_structure,build ordered P4/nmm LaO0.5F0.5BiS2 target; keep doping/order explicit,0.85
lam076,TlTaSe2,heavy-soc,(single),,P-6m2,non-centrosymmetric hexagonal layered TlTaSe2 (no named prototype),,,,proto-only,low,LKM_has_lambda_but_no_structure;repo_no_current_structure,manual_required: obtain crystallographic structure from paper/supporting data or validated database candidate; do not infer ground truth from lowest-energy candidate,0.97
lam077,Ba2RhH6,hydride,Ba2RhH6 at 20 GPa,20.0,Fm-3m (225),"K2PtCl6 (cubic antifluorite-type, fcc, MH6 octahedra)",,,,proto-only,medium,repo_structure_absent,Use the cited target phase; obtain missing CIF/relax at target pressure before benchmark run.,0.62
lam078,Ca2CoH6,hydride,Ca2CoH6 at 20 GPa,20.0,Fm-3m (225),K2PtCl6-type / cubic antifluorite X2MH6; fcc MH6 octahedra; X at cation sites,,,,"proto-only: Fm-3m motif; repo hint gives M(0,0,0), X(1/4,1/4,1/4), H about (0.24,0,0); exact lattice not in LKM markdown",medium,repo_structure_is_openlam_candidate_not_ground_truth,Use the cited target phase; obtain missing CIF/relax at target pressure before benchmark run.,0.39
lam079,Ca2IrH6,hydride,Ca2IrH6 at 20 GPa,20.0,Fm-3m (225),"K2PtCl6 (cubic antifluorite-type, fcc, MH6 octahedra)",,,,proto-only,medium,repo_structure_absent,Use the cited target phase; obtain missing CIF/relax at target pressure before benchmark run.,0.68
lam080,Ca2RhH6,hydride,Ca2RhH6 at 20 GPa,20.0,Fm-3m (225),"K2PtCl6 (cubic antifluorite-type, fcc, MH6 octahedra)",,,,proto-only,medium,repo_structure_absent,Use the cited target phase; obtain missing CIF/relax at target pressure before benchmark run.,0.51
lam081,Mg2CoH6,hydride,Mg2CoH6 at 20 GPa,20.0,Fm-3m (225),K2PtCl6-type / cubic antifluorite X2MH6; fcc MH6 octahedra; X at cation sites,,,,"proto-only: Fm-3m motif; repo hint gives M(0,0,0), X(1/4,1/4,1/4), H about (0.24,0,0); exact lattice not in LKM markdown",medium,repo_current_structure_sg_mismatch:P-1->target Fm-3m|repo_structure_is_openlam_candidate_not_ground_truth,Use the cited target phase; obtain missing CIF/relax at target pressure before benchmark run.,1.34
lam082,Mg2IrH6,hydride,Mg2IrH6 at 20 GPa,20.0,Fm-3m (225),"K2PtCl6 (cubic antifluorite-type, fcc, MH6 octahedra)",,,,proto-only,medium,repo_structure_absent,Use the cited target phase; obtain missing CIF/relax at target pressure before benchmark run.,3.04
lam083,Mg2RhH6,hydride,Mg2RhH6 at 20 GPa,20.0,Fm-3m (225),"K2PtCl6 (cubic antifluorite-type, fcc, MH6 octahedra)",,,,proto-only,medium,repo_structure_absent,Use the cited target phase; obtain missing CIF/relax at target pressure before benchmark run.,2.05
lam084,Sr2CoH6,hydride,Sr2CoH6 at 20 GPa,20.0,Fm-3m (225),K2PtCl6-type / cubic antifluorite X2MH6; fcc MH6 octahedra; X at cation sites,,,,"proto-only: Fm-3m motif; repo hint gives M(0,0,0), X(1/4,1/4,1/4), H about (0.24,0,0); exact lattice not in LKM markdown",medium,repo_structure_is_openlam_candidate_not_ground_truth,Use the cited target phase; obtain missing CIF/relax at target pressure before benchmark run.,0.27
lam085,Sr2IrH6,hydride,Sr2IrH6 at 20 GPa,20.0,Fm-3m (225),"K2PtCl6 (cubic antifluorite-type, fcc, MH6 octahedra)",,,,proto-only,medium,repo_structure_absent,Use the cited target phase; obtain missing CIF/relax at target pressure before benchmark run.,0.43
lam086,La2Pt2H13,hydride,"La2Pt2H13, 20 GPa",20.0,,"La-Pt-H ternary (metallic, dynamically stable; structure not detailed in LKM)",,,,none,medium,repo_structure_absent,Use the cited target phase; obtain missing CIF/relax at target pressure before benchmark run.,0.615
lam087,LaPt2H7,hydride,"LaPt2H7, 20 GPa",20.0,,"La-Pt-H ternary (metallic, dynamically stable; structure not detailed in LKM)",,,,none,medium,repo_structure_absent,Use the cited target phase; obtain missing CIF/relax at target pressure before benchmark run.,0.788
lam088,LaPt3H9,hydride,"LaPt3H9, 20 GPa",20.0,,"La-Pt-H ternary (metallic, dynamically stable; structure not detailed in LKM)",,,,none,medium,repo_structure_absent,Use the cited target phase; obtain missing CIF/relax at target pressure before benchmark run.,0.816
lam089,LaPtH5,hydride,"LaPtH5, 20 GPa",20.0,,"La-Pt-H ternary (metallic, dynamically stable; structure not detailed in LKM)",,,,none,medium,repo_structure_absent,Use the cited target phase; obtain missing CIF/relax at target pressure before benchmark run.,0.494
lam090,LaPtH6,hydride,"LaPtH6, 0 GPa",0.0,R-3m (166),trigonal LaPtH6; PtH6 octahedra + La layers; equilateral H3 units (kagome-like H layer),,,,proto-only,medium,repo_structure_absent,Use the cited target phase; obtain missing CIF/relax at target pressure before benchmark run.,0.789
lam091,LaPtH6,hydride,"LaPtH6, 20 GPa",20.0,R-3m (166),trigonal LaPtH6; PtH6 octahedra + La layers; equilateral H3 units (kagome-like H layer),,,,proto-only,medium,repo_structure_absent,Use the cited target phase; obtain missing CIF/relax at target pressure before benchmark run.,0.701
lam092,H,hydride,"I4_1/amd H, 480 GPa, mu*=0.10",480.0,I4_1/amd (141),Cs-IV (beta-Sn / I4_1/amd-type) monatomic metallic hydrogen,,,,proto-only,medium,repo_structure_absent,Use the cited target phase; obtain missing CIF/relax at target pressure before benchmark run.,2.17
lam093,H,hydride,"I4_1/amd H, 539 GPa, mu*=0.10",539.0,I4_1/amd (141),Cs-IV (beta-Sn / I4_1/amd-type) monatomic metallic hydrogen,,,,proto-only,medium,repo_structure_absent,Use the cited target phase; obtain missing CIF/relax at target pressure before benchmark run.,2.01
lam094,H,hydride,"I4_1/amd H, 608 GPa, mu*=0.10",608.0,I4_1/amd (141),Cs-IV (beta-Sn / I4_1/amd-type) monatomic metallic hydrogen,,,,proto-only,medium,repo_structure_absent,Use the cited target phase; obtain missing CIF/relax at target pressure before benchmark run.,1.89
lam095,H,hydride,"I4_1/amd H, 802 GPa, mu*=0.10",802.0,I4_1/amd (141),Cs-IV (beta-Sn / I4_1/amd-type) monatomic metallic hydrogen,,,,proto-only,medium,repo_structure_absent,Use the cited target phase; obtain missing CIF/relax at target pressure before benchmark run.,1.68
lam096,FC34,hydride,FC34 (fluorine in C28 cage),0.0,Fd-3m (227),"type-II (clathrate-II) carbon clathrate, fcc; F endohedral in larger C28 cage",,,,proto-only,medium,material_type_hydride_but_no_hydrogen|repo_structure_absent,Treat as non-hydride data issue or keep as carbon-clathrate benchmark with full C34 coordinates from source/supplement.,0.85
lam097,S0.5P0.5H3,hydride,"S0.5P0.5H3, Imma, 200 GPa",200,Imma,orthorhombic (H3S-derived parent lattice),2.902,4.153,8.304,lattice+proto,high,repo_structure_absent,Build from Table 1 coordinates; verify ordering/symmetry before DFPT.,0.94
lam098,S0.75P0.25H3,hydride,"S0.75P0.25H3, Immm, 200 GPa",200,Immm,orthorhombic (H3S-derived parent lattice),8.557,2.964,4.232,lattice+proto,high,repo_structure_absent,Build from Table 1 coordinates; verify ordering/symmetry before DFPT.,1.31
lam099,Mg0.5Ca0.5H6,hydride,(single),200,Im-3m,sodalite-like clathrate hexahydride (H24 cage; bcc metal site),3.3215,3.3215,3.3215,lattice+proto,medium,repo_structure_absent,Use the cited target phase; obtain missing CIF/relax at target pressure before benchmark run.,2.53
lam100,FeH5,hydride,"FeH5, I4/mmm, 130 GPa",130.0,I4/mmm (139),tetragonal FeH5 with puckered hydrogen honeycomb layers and Fe/H slabs,,,,partial: H Wyckoff positions 4c/4e/8g/4c reported; lattice constants and Fe site not in LKM markdown,medium,repo_current_structure_sg_mismatch:Cmmm->target I4/mmm|repo_structure_is_openlam_candidate_not_ground_truth,Use the cited target phase; obtain missing CIF/relax at target pressure before benchmark run.,1.13
lam101,FeH5,hydride,"FeH5, I4/mmm, 200 GPa",200.0,I4/mmm (139),tetragonal FeH5 with puckered hydrogen honeycomb layers and Fe/H slabs,,,,partial: H Wyckoff positions 4c/4e/8g/4c reported; lattice constants and Fe site not in LKM markdown,medium,repo_current_structure_sg_mismatch:Cmmm->target I4/mmm|repo_structure_is_openlam_candidate_not_ground_truth,Use the cited target phase; obtain missing CIF/relax at target pressure before benchmark run.,1.1
lam102,GeH3,hydride,"A15 GeH3, r_s=1.52 (~180 GPa)",~180,Pm-3n (223),A15 GeH3; simple cubic Ge bcc sublattice plus orthogonal H chains,,,,proto-only: A15 prototype described; lattice/coordinates not numerically listed in LKM markdown,medium,repo_current_structure_sg_mismatch:Pm->target Pm-3n|repo_structure_is_openlam_candidate_not_ground_truth,Use the cited target phase; obtain missing CIF/relax at target pressure before benchmark run.,1.82
lam103,GeH3,hydride,"Cccm GeH3, r_s=1.52 (~180 GPa)",~180,Cccm (66),Cccm GeH3 distortion of A15,4.718,4.292,3.014,"full: Ge 4e (0.25,0.25,0.0); H 4b (0,0.5,0.25), H 8l (0.1043,0.8726,0.0)",high,repo_current_structure_sg_mismatch:Pm->target Cccm|repo_structure_is_openlam_candidate_not_ground_truth,Build directly from Fig. 1 coordinates; verify conventional setting.,1.6
lam105,AlH3,hydride,AlH3 Pm-3n 73 GPa,73.0,Pm-3n (223),cubic metallic A15-like AlH3,,,,"partial: Al 2a (0,0,0), H 6c (0.25,0,0.5); exact a at 73 GPa not in LKM markdown (table gives a=3.1685 at 80 GPa)",medium,repo_current_structure_sg_mismatch:Cmcm->target Pm-3n|repo_structure_is_openlam_candidate_not_ground_truth,Use the cited target phase; obtain missing CIF/relax at target pressure before benchmark run.,0.591
lam106,SrAu2Si2,hydride,SrAu2Si2 (I4/mmm),,,no valid hydride target for this case_id as written,,,,none: condition is not in the cited H5S2 paper graph/markdown,low,condition_material_description_inconsistent|same_paper_id_condition_suspected_cross_family|condition_is_not_hydride,Remove from hydride set or repair paper_id/material_type/condition using the original SrAu-Si source.,0.42
lam107,SrAuSi3,hydride,SrAuSi3 (I4mm),,,no valid hydride target for this case_id as written,,,,none: condition is not in the cited H5S2 paper graph/markdown,low,condition_material_description_inconsistent|same_paper_id_condition_suspected_cross_family|condition_is_not_hydride,Remove from hydride set or repair paper_id/material_type/condition using the original SrAu-Si source.,0.47
lam108,H4Te,hydride,"H4Te, 200 GPa",200,P6/mmm,TeH12 H-sharing polyhedra (quasimolecular H2 units),,,,proto-only,medium,repo_structure_absent,Use the cited target phase; obtain missing CIF/relax at target pressure before benchmark run.,1.46
lam109,SnH4,hydride,"SnH4 C2/m, 500 GPa",500.0,C2/m (12),layered C2/m SnH4 high-pressure phase,,,,"target-pressure incomplete: paper gives C2/m coordinates at 400 GPa (a=4.746,b=2.656,c=6.580,beta=131.076); benchmark condition is 500 GPa",medium,repo_current_structure_sg_mismatch:Cmcm->target C2/m|repo_structure_is_openlam_candidate_not_ground_truth,Start from the cited C2/m structure and relax at 500 GPa; do not use OpenLAM Cmcm as target.,1.02
lam110,BeH2,hydride,"BeH2 Cmcm 250 GPa, mu*=0.10",250.0,Cmcm (63),orthorhombic Cmcm BeH2 metallic phase,1.796,5.503,2.84,"full: Be 4c (0,0.139,0.75), H1 4b (0,0.5,1), H2 4c (0,0.819,0.75)",high,repo_current_structure_sg_mismatch:Ibam->target Cmcm|repo_structure_is_openlam_candidate_not_ground_truth,Build from Table I coordinates; verify QE conventional cell.,0.63
lam111,BeH2,hydride,"BeH2 P4/nmm 400 GPa, mu*=0.10",400.0,P4/nmm (129),tetragonal P4/nmm BeH2 metallic phase,1.906,1.906,3.24,"full: Be 2c (0.5,0,0.707), H1 2a (0,0,0), H2 2c (0.5,0,0.327)",high,repo_current_structure_sg_mismatch:Ibam->target P4/nmm|repo_structure_is_openlam_candidate_not_ground_truth,Build from Table I coordinates; verify QE conventional cell.,0.65
lam112,CS2H10,hydride,"Cmc2_1, 150 GPa, mu*=0.10 (Allen-Dynes)",150,Cmc2_1,host-guest (CH4 in H3S-like Im-3m/R3m host sublattice),,,,proto-only,medium,repo_structure_absent,Use the cited target phase; obtain missing CIF/relax at target pressure before benchmark run.,2.01
lam113,CS2H10,hydride,"P-3m1, 100 GPa, mu*=0.10 (Allen-Dynes)",100.0,P-3m1 (164),CS2H10 phase composed of CS2 pleated hexagonal framework and hydrogen atoms,,,,"proto-only: structure parameters listed in supplemental Table S1, not present in LKM markdown",medium,condition_lacks_formula_repo_parser_misread_as_P|repo_current_structure_sg_mismatch:Cmce->target P-3m1|repo_structure_is_openlam_candidate_not_ground_truth,Use the cited target phase; obtain missing CIF/relax at target pressure before benchmark run.,0.63
lam114,P3,hydride,"P3m1, 100 GPa, mu*=0.10 (Allen-Dynes)",100,P3m1,CH4 + SH3 units arranged analogous to R3m H3S,,,,proto-only,medium,condition_lacks_formula_repo_parser_misread_as_P3|repo_structure_absent,Use the cited target phase; obtain missing CIF/relax at target pressure before benchmark run.,1.21
lam115,P3,hydride,"P3m1, 50 GPa, mu*=0.10 (Allen-Dynes)",50,P3m1,CH4 + SH3 units arranged analogous to R3m H3S,,,,proto-only,medium,condition_lacks_formula_repo_parser_misread_as_P3|repo_structure_absent,Use the cited target phase; obtain missing CIF/relax at target pressure before benchmark run.,1.51
lam116,CS2H10,hydride,"Pm, 200 GPa, mu*=0.10 (Allen-Dynes)",200,Pm,"host-guest (CH4 in H3S-like host sublattice), monoclinic",,,,proto-only,medium,repo_structure_absent,Use the cited target phase; obtain missing CIF/relax at target pressure before benchmark run.,0.69
lam117,CaAlSiF,hydride,CaAlSi AF-like stacking,,,,,,,none,low,condition_material_description_inconsistent|material_type_hydride_but_no_hydrogen|same_paper_id_condition_suspected_cross_family|repo_structure_absent,Remove from hydride set or repair condition/paper_id from the intended CaAlSi source.,0.8
lam118,C2KYH8,hydride,"C2/m KYH8, 200 GPa",200,C2/m,monoclinic KYH8 with H3 molecular-like units and Y-H chain motif (no named prototype),,,,proto-only,medium,repo_structure_absent,Use the cited target phase; obtain missing CIF/relax at target pressure before benchmark run.,1.478
lam119,C2KYH8,hydride,"C2/m KYH8, 250 GPa",250,C2/m,monoclinic KYH8 with H3 molecular-like units and Y-H chain motif (no named prototype),,,,proto-only,medium,repo_structure_absent,Use the cited target phase; obtain missing CIF/relax at target pressure before benchmark run.,1.214
lam120,C2KYH8,hydride,"C2/m KYH8, 300 GPa",300,C2/m,"monoclinic KYH8 with H3 molecular-like units and Y-H chain motif (no named prototype). At 300 GPa reported H-H distances: H1-H2=0.921 A, H3-H5=0.819 A; Y-H7=1.773 A (bond distances only, not lattice/Wyckoff)",,,,proto-only,medium,repo_structure_absent,Use the cited target phase; obtain missing CIF/relax at target pressure before benchmark run.,2.09
lam121,C2SnH12,hydride,"C2/m-SnH12, 250 GPa",250,C2/m,monoclinic SnH12 with linear H4- blocks (no named prototype),5.191,3.065,7.388,lattice+proto,high,repo_structure_absent,Build from Table 1 coordinates; verify monoclinic setting.,1.25
lam122,C2SnH14,hydride,"C2/m-SnH14, 300 GPa",300,C2/m,monoclinic SnH14 (no named prototype),7.129,2.73,3.673,lattice+proto,high,repo_structure_absent,Build from Table 1 coordinates; verify monoclinic setting.,1.187
lam123,ISnH8,hydride,"I-4m2-SnH8, 220 GPa",220,I-4m2,tetragonal SnH8 with bent H3- units and H2 semi-molecular units (no named prototype),3.076,3.076,5.523,full,high,repo_structure_absent,Build from Table 1 coordinates; verify I-4m2 setting.,1.188
lam124,I4SnH4,hydride,"I4/mmm-SnH4, 220 GPa",220,I4/mmm,,,,,none,low,repo_structure_absent,Obtain supplemental/USPEX I4/mmm-SnH4 structure before benchmark; do not substitute unrelated SnH4 C2/m/OpenLAM structure.,1.18
lam125,LaBH8,hydride,"Fm-3m LaBH8, 100 GPa",100,Fm-3m,B-centered BH8 covalent units in interstitial sites of fcc La lattice; La+8H sublattice geometry resembles LaH10 clathrate-like / H3S coordination,,,,proto-only,medium,repo_structure_absent,Use the cited target phase; obtain missing CIF/relax at target pressure before benchmark run.,1.11
lam126,LaBH8,hydride,"Fm-3m LaBH8, 200 GPa",200,Fm-3m,B-centered BH8 covalent units in interstitial sites of fcc La lattice; La+8H sublattice geometry resembles LaH10 clathrate-like / H3S coordination,,,,proto-only,medium,repo_structure_absent,Use the cited target phase; obtain missing CIF/relax at target pressure before benchmark run.,0.72
lam127,LaBH8,hydride,"Fm-3m LaBH8, 50 GPa (Allen-Dynes)",50,Fm-3m,B-centered BH8 covalent units in interstitial sites of fcc La lattice; La+8H sublattice geometry resembles LaH10 clathrate-like / H3S coordination,,,,proto-only,medium,repo_structure_absent,Use the cited target phase; obtain missing CIF/relax at target pressure before benchmark run.,2.29
lam128,LaBH8,hydride,"Fm-3m LaBH8, 55 GPa (Allen-Dynes)",55,Fm-3m,B-centered BH8 covalent units in interstitial sites of fcc La lattice; La+8H sublattice geometry resembles LaH10 clathrate-like / H3S coordination,,,,proto-only,medium,repo_structure_absent,Use the cited target phase; obtain missing CIF/relax at target pressure before benchmark run.,1.97
lam129,PLaBH7,hydride,"P-3m1 LaBH7, 110 GPa",110,P-3m1,trigonal LaBH7 with edge-connected BH6 units linked by H-H bridges (no named prototype),,,,proto-only,medium,repo_structure_absent,Use the cited target phase; obtain missing CIF/relax at target pressure before benchmark run.,1.46
lam130,Nb13Sn3 / Nb0.8125Sn0.1875,intermetallic,"A15 Nb1-bSnb, Sn=0.1875 (one antisite, 16-atom)",,,A15 Nb3Sn-derived Nb1-bSnb; Sn antisite/off-stoichiometric supercell,5.3,5.31,5.29,supercell_ordering_missing,medium,repo_current_formula_mismatch:Nb3Sn->Nb13Sn3;repo_current_structure_uses_stoichiometric_Nb3Sn_not_antisite_supercell,Recover or construct the exact antisite supercell from the paper before DFPT.,0.92
lam131,Nb25Sn7 / Nb0.78125Sn0.21875,intermetallic,"A15 Nb1-bSnb, Sn=0.21875 (one antisite, 32-atom)",,,A15 Nb3Sn-derived Nb1-bSnb; Sn antisite/off-stoichiometric supercell,5.3,5.31,5.31,supercell_ordering_missing,medium,repo_current_formula_mismatch:Nb3Sn->Nb25Sn7;repo_current_structure_uses_stoichiometric_Nb3Sn_not_antisite_supercell,Recover or construct the exact antisite supercell from the paper before DFPT.,1.22
lam135,V3Si,intermetallic,(single),,Pm-3n (223),A15 V3Si,4.705,4.705,4.705,full prototype from current SCF,medium,repo_structure_is_database_candidate_not_ground_truth,Confirm the paper lattice value; current A15 prototype is only a candidate lattice match.,1.28
lam139,NaBC (requested) / paper is Mo3Sb7,intermetallic,(single),,,,,,,none,low,condition_material_description_inconsistent;same_paper_id_condition_suspected_cross_family;lkm_has_lambda_but_no_structure;manual_required,Resolve paper_id before building; do not use Mo3Sb7 evidence for NaBC.,0.73
lam142,LiB,intermetallic,"MS1-LiB (stoichiometric), mu*=0.10",0.0,,MS1-LiB (layered MgB2-derived; B honeycomb + Li intercalant); rhombohedral,5.92,5.92,5.92,lattice+proto,medium,lkm_has_lambda_but_incomplete_structure;repo_structure_absent,Need original table/figure for atom coordinates before production DFPT.,0.62
lam145,Te,intermetallic,"BCC tellurium, V/V0=0.90 (~54 GPa)",53.99,Im-3m (229),body-centered-cubic tellurium under compression,,,,prototype_only_lattice_missing,medium,repo_current_formula_mismatch:Li->Te;lkm_has_lambda_but_no_structure,Derive bcc lattice from reported V/V0 or recover original volume table; replace Li candidate.,0.698
lam146,Te,intermetallic,"BCC tellurium, V/V0=0.95 (~46 GPa)",45.98,Im-3m (229),body-centered-cubic tellurium under compression,,,,prototype_only_lattice_missing,medium,repo_current_formula_mismatch:Li->Te;lkm_has_lambda_but_no_structure,Derive bcc lattice from reported V/V0 or recover original volume table; replace Li candidate.,0.822
lam147,Te,intermetallic,"BCC tellurium, V/V0=1.0 (~38 GPa)",37.98,Im-3m (229),body-centered-cubic tellurium under compression,,,,prototype_only_lattice_missing,medium,repo_current_formula_mismatch:Li->Te;lkm_has_lambda_but_no_structure,Derive bcc lattice from reported V/V0 or recover original volume table; replace Li candidate.,0.979
lam158,kappa-(BEDT-TTF)2I3 / beta*-(BEDT-TTF)2I3,intermetallic,(single),,P2_1 (4),organic molecular BEDT-TTF superconductor; low-temperature kappa phase,,,,manual_required_molecular_structure,low,condition_material_description_inconsistent;repo_current_formula_mismatch:BF->BEDT-TTF;manual_required,Fetch crystallographic CIF for the exact BEDT-TTF phase; do not use BF.scf.in.,0.74
lam160,YC2,intermetallic,"YC2 (CaC2-type bct), 20 GPa",20.0,I4/mmm (139),CaC2-type body-centered-tetragonal YC2 under compression,,,,prototype_only_pressure_lattice_missing,medium,lkm_has_lambda_but_incomplete_structure;repo_structure_is_database_candidate_not_ground_truth,"Recover 20 GPa relaxed a,c,u from original paper or rerun pressure relaxation constrained to I4/mmm.",0.45
lam169,LiB0.9Be0.1C,intermetallic,(single),0,P6_3/mmc,"LiBC layered (MgB2-like honeycomb B-C net), Be on B site (VCA)",,,,proto-only,medium,lkm_has_lambda_but_incomplete_structure;repo_structure_absent,Build ordered/VCA LiBC-derived cell only after choosing substitution treatment.,0.75
lam175,RaSi2,intermetallic,RaSi2 (z_tuned=0.544),0,P-3m1,"EuGe2-type (trigonal, AlB2-derived)",4.07,4.07,5.09,full,medium,repo_structure_absent,Use cited P-3m1 XSi2 lattice/prototype.,0.93
lam178,K2Cr3As3,intermetallic,(single),0,P-6m2,K2Cr3As3-type (noncentrosymmetric quasi-1D),9.9832,9.9832,4.2304,lattice+proto,medium,repo_structure_absent;lkm_has_lambda_but_incomplete_structure,Recover exact internal coordinates before production DFPT.,3
lam179,P1H5S2,intermetallic,"P1 H5S2, 112 GPa",112,P1,mixed H2S-H3S motif (triclinic),2.7127,2.7119,8.6105,full,low,condition_material_description_inconsistent;same_paper_id_condition_suspected_cross_family;manual_required,Resolve correct hydride paper_id or drop these rows from intermetallic benchmark; do not use SnAs paper as source.,1.186
lam180,P1H5S2,intermetallic,"P1 H5S2, 120 GPa",120,P1,mixed H2S-H3S motif (triclinic),,,,proto-only,low,condition_material_description_inconsistent;same_paper_id_condition_suspected_cross_family;manual_required,Resolve correct hydride paper_id or drop these rows from intermetallic benchmark; do not use SnAs paper as source.,1.239
lam181,P1H5S2,intermetallic,"P1 H5S2, 130 GPa",130,P1,mixed H2S-H3S motif (triclinic),,,,proto-only,low,condition_material_description_inconsistent;same_paper_id_condition_suspected_cross_family;manual_required,Resolve correct hydride paper_id or drop these rows from intermetallic benchmark; do not use SnAs paper as source.,1.242
lam191,CaAlSi,intermetallic,"CaAlSi 1H, 20 kbar",2.0,P-6m2 (187),nH-CaAlSi 1H stacking variant under pressure,,,,stacking_prototype_only_lattice_missing,medium,lkm_has_lambda_but_no_structure;repo_current_formula_mismatch:CaAlSiH->CaAlSi;manual_required,Recover 1H-CaAlSi pressure lattice and stacking coordinates; current CaAlSiH candidate is not target formula.,0.7
lam192,CaAlSi,intermetallic,"CaAlSi 1H, 40 kbar",4.0,P-6m2 (187),nH-CaAlSi 1H stacking variant under pressure,,,,stacking_prototype_only_lattice_missing,medium,lkm_has_lambda_but_no_structure;repo_current_formula_mismatch:CaAlSiH->CaAlSi;manual_required,Recover 1H-CaAlSi pressure lattice and stacking coordinates; current CaAlSiH candidate is not target formula.,0.7
lam193,CaAlSi,intermetallic,"CaAlSi 1H, P=0",0.0,P-6m2 (187),nH-CaAlSi 1H stacking variant under pressure,,,,stacking_prototype_only_lattice_missing,medium,lkm_has_lambda_but_no_structure;repo_current_formula_mismatch:CaAlSiH->CaAlSi;manual_required,Recover 1H-CaAlSi pressure lattice and stacking coordinates; current CaAlSiH candidate is not target formula.,0.73
lam194,CaAlSi,intermetallic,"CaAlSi 2H, 20 kbar",2.0,P6_3/mmc (194),nH-CaAlSi 2H stacking variant under pressure,,,,stacking_prototype_only_lattice_missing,medium,lkm_has_lambda_but_no_structure;repo_current_formula_mismatch:CaAlSiH->CaAlSi;manual_required,Recover 2H-CaAlSi pressure lattice and stacking coordinates; current CaAlSiH candidate is not target formula.,0.47
lam195,CaAlSi,intermetallic,"CaAlSi 2H, 40 kbar",4.0,P6_3/mmc (194),nH-CaAlSi 2H stacking variant under pressure,,,,stacking_prototype_only_lattice_missing,medium,lkm_has_lambda_but_no_structure;repo_current_formula_mismatch:CaAlSiH->CaAlSi;manual_required,Recover 2H-CaAlSi pressure lattice and stacking coordinates; current CaAlSiH candidate is not target formula.,0.43
lam196,CaAlSi,intermetallic,"CaAlSi 2H, P=0",0.0,P6_3/mmc (194),nH-CaAlSi 2H stacking variant under pressure,,,,stacking_prototype_only_lattice_missing,medium,lkm_has_lambda_but_no_structure;repo_current_formula_mismatch:CaAlSiH->CaAlSi;manual_required,Recover 2H-CaAlSi pressure lattice and stacking coordinates; current CaAlSiH candidate is not target formula.,0.6
lam197,K2Cr3As3,intermetallic,(single),,P-6m2,"noncentrosymmetric quasi-1D A2T3As3 (Cr3As3 tubes), hexagonal",9.9832,9.9832,4.2304,lattice+proto,medium,repo_structure_absent;lkm_has_lambda_but_incomplete_structure,Recover exact internal coordinates before production DFPT.,3
lam198,"(Ce,La)H9",intermetallic,(single),200,P-6m2,"ordered Ce/La substitution on P6_3/mmc superhydride parent (clathrate H cage); Ce:La=1, 1x1x1 ordered cell",,,,proto-only,low,material_type_mismatch_hydride;lkm_has_lambda_but_incomplete_structure;manual_required,Move to hydride audit or recover ordered hydride cell before use.,3
lam199,C6H6,intermetallic,"benzene P2_1/c, 190 GPa, mu*=0.10",190,P2_1/c,molecular benzene crystal (monoclinic),,,,proto-only,low,material_type_mismatch_organic;lkm_has_lambda_but_incomplete_structure;manual_required,Treat outside intermetallic set; fetch molecular crystal CIF/coords if retained.,0.68
lam200,Be-Al alloy,intermetallic,Be-Al 24:976,,,beryllium-based alloy/VCA composition target,,,,composition_only_no_crystal_structure,low,lkm_has_lambda_but_no_structure;repo_structure_is_database_candidate_not_ground_truth;manual_required,Choose VCA/SQS/ordered model explicitly; do not treat OpenLAM lowest-energy binary as ground truth.,0.427
lam201,Be-In alloy,intermetallic,Be-In 31:69,,,beryllium-based alloy/VCA composition target,,,,composition_only_no_crystal_structure,low,lkm_has_lambda_but_no_structure;repo_structure_is_database_candidate_not_ground_truth;manual_required,Choose VCA/SQS/ordered model explicitly; do not treat OpenLAM lowest-energy binary as ground truth.,0.627
lam202,Be-Nb alloy,intermetallic,Be-Nb 23:77,,,beryllium-based alloy/VCA composition target,,,,composition_only_no_crystal_structure,low,lkm_has_lambda_but_no_structure;repo_structure_is_database_candidate_not_ground_truth;manual_required,Choose VCA/SQS/ordered model explicitly; do not treat OpenLAM lowest-energy binary as ground truth.,0.684
lam203,Be43Bi20Pb37,intermetallic,Be43Bi20Pb37 (ternary),,,,,,,none,low,lkm_has_lambda_but_no_structure;repo_structure_absent;manual_required,Choose VCA/SQS/ordered model explicitly; do not treat OpenLAM lowest-energy binary as ground truth.,1.015
lam204,Be43Pb57,intermetallic,Be43Pb57,,,,,,,none,low,lkm_has_lambda_but_no_structure;repo_structure_absent;manual_required,Choose VCA/SQS/ordered model explicitly; do not treat OpenLAM lowest-energy binary as ground truth.,0.988
lam205,K2Mo3As3,intermetallic,"K2Mo3As3, mu*=0.12",,P-6m2,"noncentrosymmetric quasi-1D A2T3As3 (Mo3As3 tubes), hexagonal",10.256,10.256,4.463,lattice+proto,medium,repo_structure_absent;lkm_has_lambda_but_incomplete_structure,Recover internal coordinates before SCF generation.,1.92
lam207,CdAs,intermetallic,FCC CdAs,,Fm-3m (225),NaCl-type FCC CdAs,,,,full NaCl prototype_lattice_missing,medium,lkm_has_lambda_but_incomplete_structure;repo_structure_is_database_candidate_not_ground_truth,Recover NaCl-type lattice constant from original table or relax constrained Fm-3m prototype.,1.426
lam208,CdN,intermetallic,FCC CdN,,Fm-3m (225),NaCl-type FCC CdN,,,,full NaCl prototype_lattice_missing,medium,lkm_has_lambda_but_incomplete_structure;repo_structure_is_database_candidate_not_ground_truth,Recover NaCl-type lattice constant from original table or relax constrained Fm-3m prototype.,1.314
lam209,CdP,intermetallic,FCC CdP,,Fm-3m (225),NaCl-type FCC CdP,,,,full NaCl prototype_lattice_missing,medium,lkm_has_lambda_but_incomplete_structure;repo_structure_is_database_candidate_not_ground_truth,Recover NaCl-type lattice constant from original table or relax constrained Fm-3m prototype.,1.266
lam210,CuSb,intermetallic,FCC CuSb,,Fm-3m (225),NaCl-type FCC CuSb,,,,full NaCl prototype_lattice_missing,medium,lkm_has_lambda_but_incomplete_structure;repo_structure_is_database_candidate_not_ground_truth,Recover NaCl-type lattice constant from original table or relax constrained Fm-3m prototype.,1.016
lam211,HfP,intermetallic,FCC HfP,,Fm-3m (225),NaCl-type FCC HfP,,,,full NaCl prototype_lattice_missing,medium,lkm_has_lambda_but_incomplete_structure;repo_structure_is_database_candidate_not_ground_truth,Recover NaCl-type lattice constant from original table or relax constrained Fm-3m prototype.,0.67
lam212,HgSb,intermetallic,FCC HgSb,,Fm-3m (225),NaCl-type FCC HgSb,,,,full NaCl prototype_lattice_missing,medium,lkm_has_lambda_but_incomplete_structure;repo_structure_is_database_candidate_not_ground_truth,Recover NaCl-type lattice constant from original table or relax constrained Fm-3m prototype.,0.956
lam213,ZnSb,intermetallic,FCC ZnSb,,Fm-3m (225),NaCl-type FCC ZnSb,,,,full NaCl prototype_lattice_missing,medium,lkm_has_lambda_but_incomplete_structure;repo_structure_is_database_candidate_not_ground_truth,Recover NaCl-type lattice constant from original table or relax constrained Fm-3m prototype.,1.387
lam214,H3P,intermetallic,"Im-3m H3P, a=3.0 A (~220 GPa), mu*=0 (H-point unstable modes omitted)",220.0,Im-3m (229),Im-3m dense hydride H3P,3.0,3.0,3.0,full Im-3m hydride prototype,high,material_type_mismatch_hydride,"Keep as hydride-class target; if retained in intermetallic CSV, replace current structure with Im-3m a=3.0 A hydride cell.",1.66
lam215,H3S,intermetallic,"Im-3m H3S, a=3.0 A (~220 GPa), mu*=0",220.0,Im-3m (229),Im-3m dense hydride H3S,3.0,3.0,3.0,full Im-3m hydride prototype,high,material_type_mismatch_hydride,"Keep as hydride-class target; if retained in intermetallic CSV, replace current structure with Im-3m a=3.0 A hydride cell.",1.38
lam216,AlB2 monolayer,intermetallic,monolayer AlB2 (single Al on honeycomb B),,P6/mmm (191),monolayer AlB2 condition attached to Ca-VI paper_id,,,,candidate_only_no_lkm_support,low,condition_material_description_inconsistent;same_paper_id_condition_suspected_cross_family;manual_required,Resolve correct AlB2 paper/source; OpenLAM AlB2 is only a candidate.,1.01
lam217,H,intermetallic,"H-diamond(111) FET n=6e14 cm-2, full-BZ Wannier",,,"Hydrogenated (111) diamond surface slab in FET geometry (hexagonal surface cell); surface C in sp3 diamond network terminated by H, hole-doped n=6e14 cm-2",,,,proto-only,low,condition_material_description_inconsistent;lkm_has_lambda_but_no_structure;manual_required,Recover exact slab/vacuum/field setup from source paper before any DFPT comparison.,0.81
lam218,H,intermetallic,"H-diamond(111) FET n=6e14 cm-2, q=Gamma approx",,,"Hydrogenated (111) diamond surface slab in FET geometry (hexagonal surface cell); surface C in sp3 diamond network terminated by H, hole-doped n=6e14 cm-2",,,,proto-only,low,condition_material_description_inconsistent;lkm_has_lambda_but_no_structure;manual_required,Recover exact slab/vacuum/field setup from source paper before any DFPT comparison.,1.09
lam219,Sn3S4I,intermetallic,Sn3S4 I-43d 30 GPa,30,I-43d,body-centered cubic Sn3S4 (no named prototype),,,,proto-only,medium,repo_current_formula_mismatch:Sn3S4I->Sn3S4;lkm_has_lambda_but_incomplete_structure;repo_structure_absent,Recover I-43d lattice/coords and correct the formula before building.,1.2
lam221,BaC6,intermetallic,BaC6 0 GPa,0.0,,alkaline-earth graphite intercalation compound AC6,4.302,4.302,5.25,lattice_plus_stacking_prototype,medium,lkm_has_lambda_but_incomplete_structure;repo_structure_is_database_candidate_not_ground_truth,"Use AC6 pressure lattice, then confirm stacking/space group and internal C positions from source.",0.38
lam222,BaC6,intermetallic,BaC6 8 GPa,8.0,,alkaline-earth graphite intercalation compound AC6,4.287,4.287,4.925,lattice_plus_stacking_prototype,medium,lkm_has_lambda_but_incomplete_structure;repo_structure_is_database_candidate_not_ground_truth,"Use AC6 pressure lattice, then confirm stacking/space group and internal C positions from source.",0.45
lam223,CaC6,intermetallic,CaC6 0 GPa,0.0,R-3m (166),alkaline-earth graphite intercalation compound AC6,4.333,4.333,4.524,lattice_plus_stacking_prototype,medium,lkm_has_lambda_but_incomplete_structure;repo_structure_is_database_candidate_not_ground_truth,"Use AC6 pressure lattice, then confirm stacking/space group and internal C positions from source.",0.83
lam224,CaC6,intermetallic,CaC6 5 GPa,5.0,R-3m (166),alkaline-earth graphite intercalation compound AC6,4.317,4.317,4.349,lattice_plus_stacking_prototype,medium,lkm_has_lambda_but_incomplete_structure;repo_structure_is_database_candidate_not_ground_truth,"Use AC6 pressure lattice, then confirm stacking/space group and internal C positions from source.",0.845
lam225,SrC6,intermetallic,SrC6 0 GPa,0.0,,alkaline-earth graphite intercalation compound AC6,4.315,4.315,4.95,lattice_plus_stacking_prototype,medium,lkm_has_lambda_but_incomplete_structure;repo_structure_is_database_candidate_not_ground_truth,"Use AC6 pressure lattice, then confirm stacking/space group and internal C positions from source.",0.54
lam226,SrC6,intermetallic,SrC6 8 GPa,8.0,,alkaline-earth graphite intercalation compound AC6,4.295,4.295,4.75,lattice_plus_stacking_prototype,medium,lkm_has_lambda_but_incomplete_structure;repo_structure_is_database_candidate_not_ground_truth,"Use AC6 pressure lattice, then confirm stacking/space group and internal C positions from source.",0.65
lam229,LaPtBN,intermetallic,LaPtBN,,,Layered TM boronitride LaPtBN (n=2 boronitride; alternating Pt-B and La-N layers); isostructural with LaNiBN,,,,proto-only,medium,lkm_has_lambda_but_incomplete_structure;repo_structure_absent,Recover lattice/internal z for LaMBN before SCF generation.,0.56
lam230,LaNiC2,intermetallic,(single),,Amm2 (38),non-centrosymmetric LaNiC2,,,,prototype_only_lattice_missing,medium,lkm_has_lambda_but_incomplete_structure;repo_structure_is_database_candidate_not_ground_truth,Confirm Amm2 lattice/coordinates from paper or CIF before production.,0.52
lam237,OsO3,simple-metal,"OsO3, R-3c, 30 GPa, no SOC",30.0,R-3c (167),R-3c rhombohedral transition-metal trioxide XO3,,,,phase/pressure only; lattice constants and fractional coordinates not found in LKM graph or markdown,medium,lkm_has_lambda_but_no_structure;repo_current_sg_mismatch:Pm-3m->R-3c,Fetch arXiv supplemental/CIF or rebuild R-3c XO3 at 30 GPa; do not use current OpenLAM cubic/low-symmetry SCF as target.,1.501
lam238,PtO3,simple-metal,"PtO3, R-3c, 30 GPa, no SOC",30.0,R-3c (167),R-3c rhombohedral transition-metal trioxide XO3,,,,phase/pressure only; lattice constants and fractional coordinates not found in LKM graph or markdown,medium,lkm_has_lambda_but_no_structure;repo_current_sg_mismatch:P1->R-3c,Fetch arXiv supplemental/CIF or rebuild R-3c XO3 at 30 GPa; do not use current OpenLAM cubic/low-symmetry SCF as target.,0.498
lam239,ReO3,simple-metal,"ReO3, R-3c, 30 GPa, no SOC",30.0,R-3c (167),R-3c rhombohedral transition-metal trioxide XO3,,,,phase/pressure only; lattice constants and fractional coordinates not found in LKM graph or markdown,medium,lkm_has_lambda_but_no_structure;repo_current_sg_mismatch:Pm-3m->R-3c,Fetch arXiv supplemental/CIF or rebuild R-3c XO3 at 30 GPa; do not use current OpenLAM cubic/low-symmetry SCF as target.,0.95
lam240,ReO3,simple-metal,"ReO3, R-3c, 30 GPa, with SOC",30.0,R-3c (167),R-3c rhombohedral transition-metal trioxide XO3,,,,phase/pressure only; lattice constants and fractional coordinates not found in LKM graph or markdown,medium,lkm_has_lambda_but_no_structure;repo_current_sg_mismatch:Pm-3m->R-3c,Fetch arXiv supplemental/CIF or rebuild R-3c XO3 at 30 GPa; do not use current OpenLAM cubic/low-symmetry SCF as target.,0.945
lam241,RuO3,simple-metal,"RuO3, R-3c, 30 GPa, no SOC",30.0,R-3c (167),R-3c rhombohedral transition-metal trioxide XO3,,,,phase/pressure only; lattice constants and fractional coordinates not found in LKM graph or markdown,medium,lkm_has_lambda_but_no_structure;repo_current_sg_mismatch:Cc->R-3c,Fetch arXiv supplemental/CIF or rebuild R-3c XO3 at 30 GPa; do not use current OpenLAM cubic/low-symmetry SCF as target.,2.542
lam242,Ta,simple-metal,(single),,Im-3m (229),"bcc tantalum candidate; paper_id resolves to LaPt3Si/LaPtSi3, not Ta",,,,repo/OpenLAM candidate only; LKM paper_id is unrelated so target structure not verified from required source,low,lkm_paper_title_mismatch;condition_material_mismatch;manual_required,"Locate correct Ta EPC paper_id/DOI; if unavailable, treat bcc Ta OpenLAM as candidate only.",0.877
lam243,Li,simple-metal,"fcc Li, 14 GPa",14.0,Fm-3m (225),fcc lithium under pressure,,,,fcc prototype only; pressure-specific lattice constants/coordinates not found in LKM graph or markdown,medium,lkm_has_lambda_but_no_structure;repo_current_sg_mismatch:P2_1/m->Fm-3m,"Recover pressure-specific fcc Li lattice constants from original/supplement, then build Fm-3m Li; current Li.scf.in is not usable.",0.49
lam244,Li,simple-metal,"fcc Li, 20 GPa",20.0,Fm-3m (225),fcc lithium under pressure,,,,fcc prototype only; pressure-specific lattice constants/coordinates not found in LKM graph or markdown,medium,lkm_has_lambda_but_no_structure;repo_current_sg_mismatch:P2_1/m->Fm-3m,"Recover pressure-specific fcc Li lattice constants from original/supplement, then build Fm-3m Li; current Li.scf.in is not usable.",0.66
lam245,Li,simple-metal,"fcc Li, 30 GPa",30.0,Fm-3m (225),fcc lithium under pressure,,,,fcc prototype only; pressure-specific lattice constants/coordinates not found in LKM graph or markdown,medium,lkm_has_lambda_but_no_structure;repo_current_sg_mismatch:P2_1/m->Fm-3m,"Recover pressure-specific fcc Li lattice constants from original/supplement, then build Fm-3m Li; current Li.scf.in is not usable.",0.83
lam246,Li,simple-metal,"fcc Li, 36 GPa",36.0,Fm-3m (225),fcc lithium under pressure,,,,fcc prototype only; pressure-specific lattice constants/coordinates not found in LKM graph or markdown,medium,lkm_has_lambda_but_no_structure;repo_current_sg_mismatch:P2_1/m->Fm-3m,"Recover pressure-specific fcc Li lattice constants from original/supplement, then build Fm-3m Li; current Li.scf.in is not usable.",1.1
lam247,Li,simple-metal,"fcc Li, 8 GPa",8.0,Fm-3m (225),fcc lithium under pressure,,,,fcc prototype only; pressure-specific lattice constants/coordinates not found in LKM graph or markdown,medium,lkm_has_lambda_but_no_structure;repo_current_sg_mismatch:P2_1/m->Fm-3m,"Recover pressure-specific fcc Li lattice constants from original/supplement, then build Fm-3m Li; current Li.scf.in is not usable.",0.39
lam251,Fe,simple-metal,"nm-hcp Fe, 100 GPa",100.0,P6_3/mmc (194),non-magnetic hcp Fe,,,,phase/pressure only; lattice constants and coordinates not found in LKM graph or markdown,medium,lkm_has_lambda_but_no_structure;repo_current_sg_mismatch:Im-3m->P6_3/mmc,Recover hcp Fe 100 GPa lattice from original method/source or relax at 100 GPa; current Fe.scf.in is bcc.,0.33
lam252,SnAs,simple-metal,rock-salt SnAs,,Fm-3m (225),rock-salt SnAs candidate,,,,repo/OpenLAM candidate only; LKM paper is amorphous superconductors and contains no SnAs structure,low,lkm_paper_title_mismatch;condition_material_mismatch;manual_required,Find the correct rock-salt SnAs paper/source; current SnAs.scf.in can only be a candidate.,0.64
lam254,La,simple-metal,La Fmmm distorted fcc 130 GPa,130.0,Fmmm (69),distorted fcc La at megabar pressure,3.9026,3.9402,3.9821,lattice derived from paper pressure-linear Fmmm fits; fractional positions not found in LKM markdown,medium,lkm_has_lambda_but_incomplete_structure;repo_current_sg_mismatch:Fm-3m->Fmmm,"Use Fmmm 130 GPa lattice as starting point, but recover/refine atomic basis from supplement or reproduce DFT relaxation.",0.69
lam255,La,simple-metal,La R-3m slightly distorted fcc ~50 GPa,~50,R-3m (166),slightly distorted fcc La,,,,phase/pressure only; lattice constants and fractional coordinates for R-3m not found in LKM markdown,medium,lkm_has_lambda_but_no_structure;repo_current_sg_mismatch:Fm-3m->R-3m,Fetch supplemental Table S1/CIF for R-3m La around 50 GPa or relax the R-3m distorted fcc cell.,1.07
lam256,C60,simple-metal,"A3C60, a=14.1 Angstrom",0,Fm-3m,fcc A3C60 alkali-doped fulleride,14.1,14.1,14.1,lattice+proto,medium,repo_absent_structure;lkm_has_lambda_but_incomplete_structure,Build ordered fcc C60 molecular cell from cited structural reference; do not treat formula-only C60 as enough.,0.49
lam257,C60,simple-metal,"A3C60, a=14.4 Angstrom",0,Fm-3m,fcc A3C60 alkali-doped fulleride,14.4,14.4,14.4,lattice+proto,medium,repo_absent_structure;lkm_has_lambda_but_incomplete_structure,Build ordered fcc C60 molecular cell from cited structural reference; do not treat formula-only C60 as enough.,0.77
lam258,C60,simple-metal,"A3C60, a=14.6 Angstrom",0,Fm-3m,fcc A3C60 alkali-doped fulleride,14.6,14.6,14.6,lattice+proto,medium,repo_absent_structure;lkm_has_lambda_but_incomplete_structure,Build ordered fcc C60 molecular cell from cited structural reference; do not treat formula-only C60 as enough.,0.83
lam259,C60,simple-metal,"A3C60, two-hole doped hu band, a=14.1 Angstrom",0,Fm-3m,"fcc C60 (two-hole-doped hu band, rigid-band)",14.1,14.1,14.1,lattice+proto,medium,repo_absent_structure;lkm_has_lambda_but_incomplete_structure,Build ordered fcc C60 molecular cell from cited structural reference; do not treat formula-only C60 as enough.,0.85
lam260,Si,simple-metal,Si simple-hexagonal (sh) 12.7 GPa,12.7,P6/mmm (191),simple-hexagonal silicon,,,,simple-hexagonal prototype only; lattice constants/coordinates not found in LKM markdown,medium,lkm_has_lambda_but_no_structure;repo_current_sg_mismatch:Fd-3m->P6/mmm,Recover sh-Si lattice constants at 12.7 GPa from original structural reference or relax P6/mmm Si at pressure.,0.4
lam265,NbB1.93,simple-metal,NbB1.93 (B-deficient),,P6/mmm,AlB2,3.1153,3.1153,3.2603,lattice+proto,medium,repo_absent_structure;lkm_has_lambda_but_incomplete_structure,Create an explicit vacancy supercell or CPA surrogate; do not substitute stoichiometric NbB2 silently.,0.212
lam268,AtH2,simple-metal,Cmcm-AtH2 50 GPa,50.0,Cmcm (63),Cmcm AtH2 condition from lambda_reference only,,,,"no valid structure source: paper_id resolves to carbon-doped MgB2, not At-H hydrides; lattice/coordinates absent",low,condition_material_mismatch;same_paper_id_cross_family_suspected;lkm_paper_title_mismatch;repo_current_sg_mismatch:P6_3/mmc->Cmcm;manual_required,Resolve correct At-H paper_id/source before building; do not use OpenLAM H2 or MgB2 carbon paper as target.,0.57
lam269,H4,simple-metal,Cmmm-AtH4 250 GPa,250,Cmmm,,,,,none,low,condition_material_mismatch;same_paper_id_cross_family_suspected;lkm_paper_title_mismatch;repo_absent_structure;manual_required,Resolve correct At-H paper_id/source before building; do not use OpenLAM H2 or MgB2 carbon paper as target.,0.9
lam270,P6H4,simple-metal,P6/mmm-AtH4 100 GPa,100,P6/mmm,,,,,none,low,condition_material_mismatch;same_paper_id_cross_family_suspected;lkm_paper_title_mismatch;repo_absent_structure;manual_required,Resolve correct At-H paper_id/source before building; do not use OpenLAM H2 or MgB2 carbon paper as target.,0.82
lam271,P6H4,simple-metal,P6/mmm-AtH4 200 GPa with SOC,200,P6/mmm,,,,,none,low,condition_material_mismatch;same_paper_id_cross_family_suspected;lkm_paper_title_mismatch;repo_absent_structure;manual_required,Resolve correct At-H paper_id/source before building; do not use OpenLAM H2 or MgB2 carbon paper as target.,0.86
lam272,P6H4,simple-metal,P6/mmm-AtH4 200 GPa without SOC,200,P6/mmm,,,,,none,low,condition_material_mismatch;same_paper_id_cross_family_suspected;lkm_paper_title_mismatch;repo_absent_structure;manual_required,Resolve correct At-H paper_id/source before building; do not use OpenLAM H2 or MgB2 carbon paper as target.,0.76
lam273,AtH2,simple-metal,Pnma-AtH2 200 GPa,200.0,Pnma (62),Pnma AtH2 condition from lambda_reference only,,,,"no valid structure source: paper_id resolves to carbon-doped MgB2, not At-H hydrides; lattice/coordinates absent",low,condition_material_mismatch;same_paper_id_cross_family_suspected;lkm_paper_title_mismatch;repo_current_sg_mismatch:P6_3/mmc->Pnma;manual_required,Resolve correct At-H paper_id/source before building; do not use OpenLAM H2 or MgB2 carbon paper as target.,0.56
lam274,III,simple-metal,"Sc-III, 100 GPa, mu*=0.10",100,,Sc-III high-pressure phase of elemental scandium (structure not fully solved experimentally; calc input structure not reported in LKM text),,,,none,low,lkm_has_lambda_but_no_structure;repo_absent_structure;manual_required,Fetch supplemental/Ref.36 structural model or contact original data before benchmarking Sc-III.,0.79
lam276,Sc,simple-metal,"Sc-V, 260 GPa, mu*=0.10",260.0,P6_122 (178),Sc-V helical-chain phase,,,,space group from paper introduction; lattice constants/fractional coordinates not reported in LKM markdown,medium,lkm_has_lambda_but_no_structure;repo_current_sg_mismatch:Im-3m->P6_122,Recover Sc-V P6_122 lattice/coordinates from supplemental or Ref.32; current V.scf.in Im-3m is wrong.,1.12
